NAME,PCODE,선발,타수,득점,안타,2타,3타,홈런,루타,타점,도루,도실,볼넷,사구,고4,삼진,병살,희타,희비,투구,barrel,타율,LG,KIA,KT,키움,두산,한화,NC,롯데,삼성,SSG,홈경기수,원정경기수
강백호,68050.0,15,60,8,18,8,0,3,35,19,0,0,4,0,0,11,0,0,5,282,0.0,0.3,5.0,1.0,0.0,1.0,0.0,1.0,0.0,3.0,2.0,3.0,9.0,7.0
김재환,78224.0,18,65,6,17,4,0,1,24,12,1,2,5,0,0,20,1,0,2,263,0.0,0.26153846153846155,0.0,4.0,0.0,1.0,0.0,4.0,3.0,2.0,2.0,2.0,9.0,9.0
김현수,76290.0,16,54,5,16,4,1,1,25,10,0,0,8,0,1,2,1,0,1,216,0.0,0.2962962962962963,0.0,0.0,2.0,2.0,0.0,0.0,4.0,1.0,3.0,1.0,9.0,7.0
로맥,67872.0,4,20,3,3,1,0,1,7,3,0,0,2,1,0,4,1,0,0,88,0.0,0.15,1.0,0.0,0.0,1.0,2.0,0.0,4.0,0.0,1.0,0.0,7.0,2.0
박건우,79215.0,18,63,15,20,5,0,1,28,6,2,0,9,3,1,8,2,0,0,283,0.0,0.31746031746031744,0.0,4.0,0.0,1.0,0.0,4.0,3.0,2.0,2.0,2.0,9.0,9.0
양의지,76232.0,16,57,8,17,5,0,2,28,8,0,0,6,1,0,5,2,0,0,252,0.0,0.2982456140350877,4.0,0.0,0.0,0.0,3.0,4.0,0.0,2.0,0.0,3.0,9.0,7.0
전준우,78513.0,15,60,10,15,4,0,1,22,9,1,1,2,0,0,11,0,0,2,236,0.0,0.25,1.0,2.0,5.0,2.0,2.0,2.0,2.0,0.0,2.0,0.0,10.0,6.0
채은성,79192.0,2,8,1,1,1,0,0,2,0,0,0,0,1,0,1,1,0,0,31,0.0,0.125,0.0,0.0,1.0,0.0,0.0,0.0,0.0,0.0,0.0,1.0,1.0,1.0
최정,75847.0,16,51,12,15,2,1,6,37,20,1,1,7,3,0,9,2,1,4,248,0.0,0.29411764705882354,1.0,2.0,0.0,2.0,2.0,0.0,4.0,0.0,3.0,0.0,9.0,8.0
